!Inductor was measurued in series configuration from 100KHz to 8.5GHz,,,,,,,,
!Measurement was de-embedded through fixture compensation,,,,,,,,
# Hz S dB R 50,,,,,,,,
100000.00,-39.76,71.57,-0.04,-0.47,-0.05,-0.47,-37.50,82.38
101665.00,-40.61,70.07,-0.05,-0.49,-0.05,-0.55,-38.58,79.69
103330.00,-40.50,67.39,-0.05,-0.45,-0.04,-0.44,-38.82,58.94
104996.00,-37.51,67.81,-0.05,-0.51,-0.05,-0.50,-37.64,46.64
106661.00,-38.25,55.34,-0.04,-0.51,-0.05,-0.48,-38.33,59.53
108326.00,-36.62,65.45,-0.05,-0.53,-0.05,-0.54,-36.83,54.61
109991.00,-37.88,70.05,-0.06,-0.54,-0.04,-0.49,-37.94,58.88
111656.00,-37.34,58.61,-0.05,-0.49,-0.05,-0.53,-37.39,69.48
113321.00,-38.35,66.98,-0.05,-0.53,-0.06,-0.49,-38.37,59.15
114987.00,-38.75,64.31,-0.05,-0.54,-0.04,-0.55,-38.78,57.78
116652.00,-37.56,59.02,-0.04,-0.56,-0.04,-0.57,-38.50,67.82
118317.00,-38.58,64.18,-0.05,-0.55,-0.05,-0.53,-38.16,61.56
119982.00,-37.40,68.69,-0.05,-0.56,-0.04,-0.56,-37.02,67.19
121647.00,-37.45,65.78,-0.05,-0.56,-0.04,-0.64,-38.22,63.26
123313.00,-37.86,65.63,-0.04,-0.61,-0.05,-0.57,-36.76,61.12
124978.00,-37.90,79.59,-0.05,-0.58,-0.05,-0.57,-38.29,57.25
126643.00,-36.34,69.96,-0.05,-0.64,-0.04,-0.60,-37.60,62.35
128308.00,-37.21,70.28,-0.05,-0.65,-0.05,-0.59,-37.42,66.46
129973.00,-36.59,69.23,-0.05,-0.61,-0.05,-0.63,-36.89,61.12
131639.00,-36.94,61.74,-0.05,-0.63,-0.05,-0.60,-36.98,62.70
133304.00,-37.33,68.60,-0.04,-0.64,-0.05,-0.61,-37.06,60.96
134969.00,-37.33,65.93,-0.05,-0.58,-0.04,-0.63,-37.58,64.29
136634.00,-37.69,63.88,-0.05,-0.64,-0.06,-0.66,-36.98,62.99
138586.00,-36.57,71.27,-0.05,-0.60,-0.05,-0.64,-37.66,60.20
140894.00,-37.08,66.46,-0.05,-0.68,-0.05,-0.66,-36.23,58.61
143202.00,-38.28,60.77,-0.05,-0.64,-0.06,-0.66,-36.71,70.50
145510.00,-36.65,65.54,-0.05,-0.70,-0.05,-0.65,-36.96,60.56
147817.00,-37.09,68.63,-0.04,-0.69,-0.05,-0.73,-36.42,63.67
150125.00,-37.12,70.69,-0.04,-0.71,-0.05,-0.69,-36.65,69.77
152433.00,-37.03,66.42,-0.05,-0.69,-0.05,-0.71,-36.50,68.62
154741.00,-35.97,73.53,-0.05,-0.70,-0.05,-0.67,-35.37,66.67
157048.00,-36.28,66.93,-0.06,-0.69,-0.05,-0.74,-36.57,66.54
159356.00,-36.14,74.39,-0.05,-0.73,-0.05,-0.69,-35.40,68.04
161664.00,-35.73,73.99,-0.05,-0.77,-0.05,-0.75,-35.63,66.00
163971.00,-35.51,67.64,-0.05,-0.74,-0.05,-0.73,-36.33,64.97
166279.00,-35.33,64.80,-0.04,-0.74,-0.05,-0.72,-36.97,63.69
168587.00,-35.32,68.63,-0.05,-0.72,-0.06,-0.74,-36.59,69.88
170895.00,-35.40,69.82,-0.06,-0.85,-0.05,-0.78,-35.82,67.70
173202.00,-35.80,65.79,-0.05,-0.75,-0.06,-0.83,-35.30,73.48
175510.00,-35.05,69.13,-0.05,-0.81,-0.06,-0.83,-35.95,67.18
177818.00,-34.93,70.40,-0.05,-0.81,-0.05,-0.85,-35.18,64.03
180125.00,-35.38,71.44,-0.05,-0.80,-0.05,-0.81,-35.19,62.34
182433.00,-35.50,68.67,-0.05,-0.80,-0.05,-0.79,-36.00,68.66
184741.00,-35.51,67.71,-0.05,-0.84,-0.05,-0.81,-36.04,71.26
187049.00,-35.36,67.05,-0.05,-0.89,-0.06,-0.86,-34.73,66.42
189356.00,-34.98,70.25,-0.05,-0.87,-0.06,-0.81,-35.28,68.97
192062.00,-35.45,70.60,-0.06,-0.88,-0.06,-0.77,-35.49,71.69
195260.00,-35.89,67.73,-0.05,-0.86,-0.06,-0.91,-35.70,69.41
198458.00,-35.05,71.72,-0.06,-0.92,-0.05,-0.97,-35.80,65.36
201657.00,-34.72,66.94,-0.06,-0.90,-0.05,-0.88,-35.11,66.53
204855.00,-34.50,71.66,-0.05,-0.94,-0.05,-0.95,-34.32,67.31
208053.00,-34.22,68.31,-0.06,-0.89,-0.05,-0.90,-34.59,63.09
211251.00,-34.51,71.56,-0.06,-0.96,-0.05,-1.00,-34.54,67.62
214449.00,-33.83,68.40,-0.05,-0.95,-0.05,-0.95,-33.94,69.88
217648.00,-34.96,77.27,-0.05,-1.00,-0.06,-0.96,-34.22,68.74
220846.00,-34.44,69.49,-0.05,-1.01,-0.05,-1.01,-33.63,67.84
224044.00,-34.18,69.37,-0.05,-1.00,-0.05,-1.01,-34.31,71.77
227242.00,-33.77,73.35,-0.05,-0.96,-0.06,-1.03,-34.22,69.64
230440.00,-33.45,74.93,-0.06,-0.99,-0.05,-1.02,-34.19,69.54
233639.00,-33.69,72.54,-0.06,-1.02,-0.06,-1.02,-33.72,67.20
236837.00,-34.15,72.94,-0.05,-1.03,-0.05,-1.00,-33.41,72.95
240035.00,-33.75,76.02,-0.05,-1.02,-0.05,-1.10,-33.54,69.36
243233.00,-33.17,72.73,-0.05,-1.02,-0.05,-1.09,-33.75,72.49
246431.00,-33.22,76.87,-0.05,-1.05,-0.06,-1.08,-33.22,69.09
249629.00,-33.22,72.55,-0.06,-1.08,-0.06,-1.14,-33.88,69.82
252828.00,-33.16,71.06,-0.05,-1.12,-0.05,-1.06,-33.80,72.14
256026.00,-32.94,69.95,-0.05,-1.10,-0.05,-1.09,-32.83,70.02
259224.00,-33.00,74.41,-0.05,-1.11,-0.06,-1.08,-32.88,67.01
262422.00,-33.45,73.73,-0.05,-1.19,-0.06,-1.16,-33.01,75.94
266172.00,-32.41,71.06,-0.06,-1.23,-0.05,-1.18,-32.62,71.27
270604.00,-32.91,74.16,-0.06,-1.20,-0.06,-1.17,-33.05,70.31
275037.00,-32.62,71.88,-0.06,-1.19,-0.06,-1.18,-32.78,72.59
279469.00,-32.63,74.59,-0.06,-1.26,-0.05,-1.21,-32.27,69.27
283901.00,-32.39,69.95,-0.05,-1.21,-0.05,-1.26,-32.00,73.75
288333.00,-32.47,74.10,-0.07,-1.21,-0.06,-1.26,-31.94,76.90
292766.00,-32.13,74.46,-0.06,-1.28,-0.06,-1.26,-31.79,71.30
297198.00,-31.53,78.15,-0.06,-1.27,-0.06,-1.28,-31.52,73.53
301630.00,-31.19,79.25,-0.07,-1.35,-0.06,-1.31,-31.08,74.52
306062.00,-31.03,75.70,-0.06,-1.33,-0.06,-1.34,-30.90,73.31
310495.00,-31.27,80.84,-0.06,-1.37,-0.06,-1.38,-31.56,76.35
314927.00,-31.58,76.53,-0.06,-1.34,-0.06,-1.31,-31.40,73.25
319359.00,-31.26,74.64,-0.05,-1.30,-0.06,-1.36,-31.23,76.75
323791.00,-31.78,75.51,-0.05,-1.37,-0.06,-1.40,-31.45,75.49
328224.00,-31.09,75.13,-0.06,-1.41,-0.06,-1.35,-31.80,71.73
332656.00,-31.40,77.47,-0.06,-1.43,-0.06,-1.44,-31.67,71.60
337088.00,-31.15,78.45,-0.06,-1.44,-0.06,-1.41,-31.09,72.82
341520.00,-31.36,73.30,-0.06,-1.46,-0.06,-1.49,-31.14,73.56
345953.00,-31.69,75.55,-0.06,-1.50,-0.06,-1.43,-31.36,72.68
350385.00,-30.72,75.86,-0.06,-1.48,-0.05,-1.47,-31.36,73.48
354817.00,-30.89,76.43,-0.06,-1.51,-0.07,-1.48,-30.52,73.83
359249.00,-30.76,74.97,-0.07,-1.49,-0.06,-1.55,-30.46,74.30
363682.00,-30.76,73.58,-0.06,-1.55,-0.06,-1.57,-30.37,73.36
368878.00,-30.34,75.70,-0.06,-1.57,-0.05,-1.58,-30.51,73.20
374975.00,-30.62,73.76,-0.06,-1.58,-0.07,-1.59,-30.53,70.68
381072.00,-29.98,73.40,-0.06,-1.57,-0.06,-1.63,-30.28,74.55
387169.00,-29.97,74.88,-0.06,-1.66,-0.06,-1.60,-30.71,72.51
393266.00,-30.27,78.95,-0.07,-1.68,-0.06,-1.66,-30.21,71.89
399363.00,-29.65,74.48,-0.06,-1.69,-0.07,-1.68,-29.82,74.53
405460.00,-30.04,75.72,-0.06,-1.70,-0.06,-1.70,-29.41,73.53
411557.00,-29.37,75.62,-0.06,-1.73,-0.05,-1.73,-29.58,74.55
417653.00,-29.61,74.78,-0.06,-1.75,-0.06,-1.78,-29.49,73.36
423750.00,-29.15,75.27,-0.06,-1.81,-0.06,-1.75,-29.47,73.25
429847.00,-29.25,75.87,-0.06,-1.75,-0.06,-1.80,-29.34,73.44
435944.00,-29.30,73.49,-0.07,-1.83,-0.06,-1.82,-29.36,72.29
442041.00,-29.12,73.03,-0.06,-1.88,-0.06,-1.86,-29.15,74.30
448138.00,-29.10,76.24,-0.07,-1.91,-0.06,-1.87,-29.25,75.89
454235.00,-28.99,77.04,-0.06,-1.91,-0.06,-1.91,-29.14,73.04
460332.00,-28.73,73.85,-0.06,-1.95,-0.07,-1.90,-29.19,75.52
466429.00,-28.52,74.76,-0.06,-1.90,-0.07,-1.94,-28.90,75.35
472526.00,-28.61,77.65,-0.06,-1.95,-0.06,-2.00,-28.91,73.48
478622.00,-29.06,73.85,-0.08,-1.99,-0.07,-2.02,-28.41,77.28
484719.00,-28.37,74.28,-0.06,-2.00,-0.06,-2.05,-28.38,74.41
490816.00,-28.38,76.70,-0.06,-2.11,-0.06,-2.07,-28.52,75.41
496913.00,-28.48,76.52,-0.06,-2.09,-0.07,-2.08,-28.70,76.14
504014.00,-28.43,75.14,-0.06,-2.05,-0.06,-2.08,-28.08,76.80
512406.00,-28.15,75.13,-0.06,-2.12,-0.06,-2.21,-28.29,73.16
520799.00,-28.11,76.88,-0.07,-2.17,-0.07,-2.19,-28.16,75.11
529192.00,-27.79,75.09,-0.06,-2.18,-0.07,-2.21,-28.07,77.02
537585.00,-28.21,75.36,-0.06,-2.25,-0.06,-2.23,-27.81,74.18
545977.00,-27.69,75.08,-0.06,-2.30,-0.07,-2.32,-27.76,73.87
554370.00,-27.68,76.82,-0.07,-2.28,-0.07,-2.28,-27.75,74.91
562763.00,-27.50,76.44,-0.06,-2.32,-0.07,-2.33,-27.43,74.54
571156.00,-27.51,75.56,-0.06,-2.38,-0.07,-2.37,-27.23,75.83
579548.00,-27.33,77.10,-0.07,-2.37,-0.07,-2.44,-27.40,72.74
587941.00,-26.99,77.44,-0.06,-2.47,-0.07,-2.47,-26.99,77.20
596334.00,-26.94,77.81,-0.06,-2.46,-0.06,-2.47,-27.19,76.50
604727.00,-26.92,78.96,-0.07,-2.47,-0.07,-2.46,-26.82,76.86
613119.00,-26.77,76.10,-0.07,-2.57,-0.07,-2.48,-26.64,75.16
621512.00,-26.50,73.86,-0.07,-2.53,-0.06,-2.56,-26.67,74.41
629905.00,-26.61,75.14,-0.07,-2.61,-0.07,-2.58,-26.40,76.67
638298.00,-26.39,75.85,-0.07,-2.61,-0.07,-2.59,-26.52,73.86
646690.00,-26.53,76.15,-0.07,-2.68,-0.07,-2.65,-26.26,76.59
655083.00,-25.93,76.08,-0.07,-2.66,-0.07,-2.74,-26.40,75.21
663476.00,-26.21,78.01,-0.07,-2.70,-0.08,-2.75,-26.27,76.48
671869.00,-26.06,76.73,-0.06,-2.74,-0.07,-2.78,-25.90,77.15
680261.00,-26.02,75.59,-0.07,-2.78,-0.07,-2.73,-25.62,75.34
688654.00,-25.68,76.10,-0.07,-2.83,-0.07,-2.80,-26.06,76.41
698495.00,-25.95,76.48,-0.07,-2.86,-0.07,-2.84,-25.89,78.15
710126.00,-25.89,77.54,-0.07,-2.89,-0.07,-2.89,-25.70,77.60
721757.00,-25.52,77.30,-0.07,-2.97,-0.08,-2.95,-25.61,76.60
733388.00,-25.23,78.15,-0.08,-3.02,-0.08,-3.01,-25.36,74.85
745019.00,-25.49,78.55,-0.07,-3.07,-0.08,-3.05,-25.13,76.28
756651.00,-25.36,77.34,-0.07,-3.07,-0.08,-3.06,-25.16,77.23
768282.00,-25.04,77.64,-0.08,-3.13,-0.07,-3.11,-24.95,76.93
779913.00,-25.12,78.18,-0.08,-3.19,-0.08,-3.17,-25.02,76.84
791544.00,-25.01,77.26,-0.08,-3.28,-0.08,-3.28,-24.90,76.28
803176.00,-24.72,78.09,-0.08,-3.32,-0.08,-3.27,-24.79,77.15
814807.00,-24.43,76.89,-0.07,-3.30,-0.08,-3.28,-24.85,76.40
826438.00,-24.62,77.93,-0.08,-3.31,-0.09,-3.39,-24.48,76.37
838069.00,-24.54,77.79,-0.08,-3.44,-0.08,-3.40,-24.20,78.63
849700.00,-24.27,77.89,-0.08,-3.46,-0.08,-3.45,-24.16,78.18
861332.00,-24.16,78.82,-0.09,-3.45,-0.08,-3.51,-24.21,78.90
872963.00,-23.90,78.50,-0.08,-3.59,-0.09,-3.55,-24.26,77.07
884594.00,-24.01,76.82,-0.09,-3.61,-0.08,-3.56,-24.01,77.17
896225.00,-23.74,78.01,-0.08,-3.65,-0.08,-3.69,-24.04,77.24
907857.00,-23.69,78.01,-0.09,-3.71,-0.09,-3.69,-23.58,76.20
919488.00,-23.84,79.59,-0.08,-3.75,-0.09,-3.74,-23.77,77.20
931119.00,-23.64,78.27,-0.09,-3.77,-0.09,-3.76,-23.57,77.19
942750.00,-23.52,79.44,-0.09,-3.81,-0.08,-3.83,-23.34,76.52
954381.00,-23.35,77.90,-0.08,-3.84,-0.08,-3.83,-23.37,77.03
968019.00,-23.36,78.77,-0.09,-3.89,-0.08,-3.90,-23.15,77.42
984138.00,-23.05,77.87,-0.09,-3.97,-0.09,-3.90,-23.12,78.39
1000257.00,-22.91,78.64,-0.08,-4.02,-0.09,-3.98,-22.92,76.78
1016377.00,-22.84,77.87,-0.09,-4.10,-0.09,-4.11,-22.79,77.84
1032496.00,-22.79,77.44,-0.09,-4.22,-0.09,-4.22,-22.80,77.61
1048615.00,-22.61,78.17,-0.09,-4.21,-0.09,-4.20,-22.60,76.94
1064735.00,-22.40,77.69,-0.09,-4.28,-0.09,-4.25,-22.42,78.79
1080854.00,-22.48,78.87,-0.10,-4.37,-0.09,-4.35,-22.45,78.53
1096973.00,-22.20,78.82,-0.10,-4.43,-0.09,-4.45,-22.39,77.63
1113093.00,-22.18,78.57,-0.09,-4.47,-0.09,-4.41,-22.04,78.24
1129212.00,-21.98,78.55,-0.10,-4.55,-0.09,-4.52,-21.94,77.63
1145331.00,-21.90,77.87,-0.10,-4.60,-0.10,-4.59,-21.89,78.53
1161450.00,-21.82,79.42,-0.10,-4.66,-0.10,-4.69,-21.64,77.99
1177570.00,-21.73,78.03,-0.10,-4.73,-0.10,-4.72,-21.76,77.39
1193689.00,-21.62,78.61,-0.11,-4.83,-0.11,-4.82,-21.57,79.16
1209808.00,-21.47,79.24,-0.11,-4.85,-0.10,-4.87,-21.55,78.51
1225928.00,-21.32,78.93,-0.11,-4.86,-0.10,-4.93,-21.42,77.33
1242047.00,-21.28,77.87,-0.10,-4.95,-0.11,-4.94,-21.23,77.99
1258166.00,-21.21,78.38,-0.11,-5.01,-0.10,-5.05,-21.23,78.25
1274286.00,-21.05,79.22,-0.12,-5.08,-0.11,-5.10,-20.97,77.95
1290405.00,-21.07,77.92,-0.11,-5.19,-0.10,-5.19,-20.99,78.96
1306524.00,-20.92,78.74,-0.10,-5.26,-0.11,-5.22,-20.95,78.93
1322644.00,-20.76,78.78,-0.11,-5.27,-0.12,-5.30,-20.81,78.66
1341543.00,-20.65,77.89,-0.12,-5.35,-0.11,-5.37,-20.69,77.79
1363882.00,-20.55,79.30,-0.11,-5.42,-0.10,-5.46,-20.50,77.90
1386221.00,-20.35,78.53,-0.12,-5.51,-0.11,-5.49,-20.38,78.33
1408560.00,-20.16,78.78,-0.11,-5.61,-0.11,-5.61,-20.30,77.86
1430900.00,-20.06,78.96,-0.12,-5.70,-0.12,-5.69,-20.26,77.44
1453239.00,-20.01,79.13,-0.12,-5.77,-0.12,-5.69,-20.00,77.92
1475578.00,-19.87,78.30,-0.12,-5.79,-0.13,-5.83,-19.85,77.19
1497917.00,-19.77,78.76,-0.13,-5.95,-0.13,-5.94,-19.87,77.34
1520256.00,-19.60,78.80,-0.13,-6.03,-0.13,-6.03,-19.70,78.21
1542596.00,-19.54,78.59,-0.14,-6.06,-0.13,-6.09,-19.56,77.72
1564935.00,-19.41,77.99,-0.13,-6.19,-0.12,-6.19,-19.51,77.07
1587274.00,-19.39,79.02,-0.13,-6.32,-0.13,-6.29,-19.38,77.65
1609613.00,-19.23,78.01,-0.14,-6.38,-0.14,-6.37,-19.24,76.92
1631952.00,-19.07,77.39,-0.13,-6.35,-0.13,-6.42,-19.17,78.21
1654291.00,-18.97,77.35,-0.14,-6.46,-0.15,-6.54,-18.89,78.13
1676631.00,-18.74,78.56,-0.15,-6.61,-0.14,-6.63,-18.80,78.44
1698970.00,-18.59,78.13,-0.15,-6.71,-0.14,-6.69,-18.73,77.41
1721309.00,-18.64,77.94,-0.15,-6.77,-0.14,-6.77,-18.60,77.34
1743648.00,-18.32,77.43,-0.15,-6.78,-0.14,-6.87,-18.52,77.76
1765987.00,-18.31,77.14,-0.15,-6.93,-0.15,-6.95,-18.36,77.80
1788326.00,-18.34,77.46,-0.14,-6.99,-0.16,-6.97,-18.48,78.05
1810666.00,-18.07,77.80,-0.15,-7.14,-0.15,-7.12,-18.02,76.90
1833005.00,-18.06,77.85,-0.15,-7.20,-0.15,-7.19,-18.03,77.38
1859197.00,-17.87,77.72,-0.17,-7.30,-0.16,-7.32,-17.88,77.21
1890156.00,-17.74,77.27,-0.15,-7.35,-0.16,-7.39,-17.69,77.06
1921115.00,-17.67,78.16,-0.16,-7.53,-0.16,-7.59,-17.67,77.19
1952074.00,-17.46,77.30,-0.16,-7.63,-0.16,-7.66,-17.42,77.36
1983033.00,-17.41,77.92,-0.16,-7.79,-0.17,-7.82,-17.29,77.56
2013992.00,-17.13,77.09,-0.17,-7.91,-0.17,-7.85,-17.29,77.51
2044951.00,-17.09,77.20,-0.17,-8.02,-0.17,-7.98,-17.10,76.45
2075910.00,-16.95,76.80,-0.18,-8.09,-0.17,-8.12,-17.04,77.05
2106869.00,-16.91,77.36,-0.18,-8.24,-0.18,-8.17,-16.84,76.90
2137828.00,-16.65,77.00,-0.18,-8.37,-0.18,-8.30,-16.78,76.27
2168788.00,-16.61,76.83,-0.19,-8.43,-0.19,-8.42,-16.64,76.81
2199747.00,-16.50,76.90,-0.19,-8.57,-0.18,-8.55,-16.64,76.69
2230706.00,-16.44,76.90,-0.19,-8.70,-0.19,-8.66,-16.34,76.58
2261665.00,-16.26,76.48,-0.19,-8.80,-0.20,-8.72,-16.32,76.17
2292624.00,-16.13,76.61,-0.20,-8.93,-0.20,-8.92,-16.16,76.64
2323583.00,-16.12,76.11,-0.20,-9.03,-0.21,-9.02,-16.13,76.42
2354542.00,-15.95,76.06,-0.21,-9.12,-0.21,-9.16,-15.98,76.62
2385501.00,-15.85,76.38,-0.21,-9.21,-0.21,-9.26,-15.85,75.97
2416460.00,-15.68,76.61,-0.21,-9.36,-0.22,-9.37,-15.76,75.69
2447419.00,-15.63,76.52,-0.22,-9.51,-0.21,-9.48,-15.57,75.78
2478378.00,-15.49,75.97,-0.22,-9.63,-0.21,-9.59,-15.51,76.28
2509337.00,-15.37,75.85,-0.22,-9.67,-0.22,-9.71,-15.41,76.36
2540296.00,-15.30,75.72,-0.22,-9.83,-0.22,-9.82,-15.36,75.80
2576595.00,-15.22,75.78,-0.24,-9.97,-0.23,-9.94,-15.24,75.79
2619500.00,-15.08,76.10,-0.24,-10.16,-0.23,-10.17,-15.13,75.88
2662405.00,-14.99,75.59,-0.24,-10.31,-0.25,-10.24,-14.93,75.84
2705310.00,-14.78,75.67,-0.25,-10.44,-0.25,-10.41,-14.81,75.15
2748215.00,-14.74,75.33,-0.25,-10.59,-0.25,-10.65,-14.69,75.43
2791120.00,-14.53,75.24,-0.27,-10.67,-0.25,-10.71,-14.55,75.05
2834026.00,-14.44,74.94,-0.27,-10.93,-0.26,-10.94,-14.42,74.61
2876931.00,-14.30,75.40,-0.27,-10.99,-0.26,-11.04,-14.36,74.68
2919836.00,-14.21,74.66,-0.27,-11.20,-0.28,-11.21,-14.21,75.19
2962741.00,-14.08,74.70,-0.28,-11.34,-0.28,-11.34,-14.04,74.34
3005646.00,-13.94,74.77,-0.29,-11.54,-0.28,-11.47,-13.96,74.61
3048551.00,-13.83,74.39,-0.30,-11.67,-0.29,-11.72,-13.86,74.59
3091456.00,-13.74,74.71,-0.29,-11.79,-0.29,-11.78,-13.71,74.40
3134361.00,-13.65,74.00,-0.31,-12.01,-0.30,-11.98,-13.66,74.44
3177266.00,-13.56,74.02,-0.31,-12.18,-0.31,-12.11,-13.57,74.14
3220171.00,-13.37,74.09,-0.31,-12.22,-0.32,-12.33,-13.41,74.18
3263076.00,-13.30,73.56,-0.32,-12.44,-0.32,-12.42,-13.33,73.91
3305981.00,-13.16,73.73,-0.33,-12.62,-0.32,-12.59,-13.22,73.84
3348886.00,-13.13,73.40,-0.32,-12.74,-0.33,-12.71,-13.08,73.43
3391792.00,-12.94,73.64,-0.34,-12.89,-0.34,-12.89,-12.97,73.62
3434697.00,-12.93,73.34,-0.34,-13.06,-0.34,-12.96,-12.90,73.11
3477602.00,-12.80,73.42,-0.34,-13.20,-0.34,-13.13,-12.77,72.88
3520507.00,-12.69,73.18,-0.35,-13.37,-0.36,-13.34,-12.70,72.76
3570812.00,-12.57,72.76,-0.37,-13.57,-0.37,-13.50,-12.57,72.71
3630272.00,-12.47,72.85,-0.37,-13.79,-0.37,-13.75,-12.47,72.67
3689733.00,-12.32,72.68,-0.38,-13.95,-0.38,-13.89,-12.36,72.31
3749194.00,-12.22,72.53,-0.38,-14.20,-0.39,-14.12,-12.21,72.17
3808654.00,-12.02,72.04,-0.41,-14.30,-0.40,-14.34,-12.09,71.94
3868115.00,-11.92,72.10,-0.41,-14.58,-0.40,-14.50,-11.96,72.00
3927576.00,-11.81,71.86,-0.41,-14.77,-0.41,-14.70,-11.87,71.45
3987036.00,-11.72,71.59,-0.42,-14.97,-0.43,-15.02,-11.68,71.63
4046497.00,-11.62,71.59,-0.42,-15.21,-0.44,-15.28,-11.60,71.46
4105957.00,-11.52,71.27,-0.44,-15.48,-0.45,-15.45,-11.51,71.28
4165418.00,-11.39,71.20,-0.45,-15.56,-0.44,-15.58,-11.39,70.95
4224879.00,-11.25,70.88,-0.46,-15.83,-0.47,-15.81,-11.28,70.94
4284339.00,-11.13,70.71,-0.47,-16.05,-0.46,-16.05,-11.21,70.88
4343800.00,-11.03,70.68,-0.47,-16.22,-0.48,-16.20,-11.07,70.60
4403261.00,-10.95,70.38,-0.49,-16.38,-0.48,-16.45,-10.96,70.33
4462721.00,-10.82,70.10,-0.51,-16.65,-0.50,-16.65,-10.87,69.93
4522182.00,-10.73,70.14,-0.51,-16.87,-0.52,-16.85,-10.78,69.99
4581643.00,-10.62,69.90,-0.52,-17.02,-0.52,-17.06,-10.64,69.94
4641103.00,-10.56,69.75,-0.52,-17.21,-0.53,-17.26,-10.51,69.64
4700564.00,-10.40,69.47,-0.54,-17.46,-0.54,-17.45,-10.45,69.45
4760024.00,-10.32,69.17,-0.57,-17.67,-0.55,-17.62,-10.31,69.23
4819485.00,-10.24,69.08,-0.57,-17.84,-0.56,-17.78,-10.27,69.09
4878946.00,-10.18,68.95,-0.57,-18.06,-0.57,-17.99,-10.14,68.73
4948662.00,-10.01,68.78,-0.60,-18.34,-0.58,-18.27,-10.07,68.79
5031066.00,-9.91,68.31,-0.60,-18.54,-0.60,-18.51,-9.89,68.70
5113470.00,-9.78,68.37,-0.61,-18.79,-0.62,-18.80,-9.76,68.21
5195875.00,-9.62,68.08,-0.65,-19.16,-0.62,-19.15,-9.69,67.99
5278279.00,-9.52,68.09,-0.65,-19.46,-0.65,-19.46,-9.56,67.72
5360683.00,-9.44,67.70,-0.67,-19.74,-0.67,-19.69,-9.40,67.56
5443088.00,-9.30,67.35,-0.68,-19.93,-0.68,-19.94,-9.31,67.27
5525492.00,-9.20,67.11,-0.70,-20.17,-0.70,-20.26,-9.19,66.99
5607897.00,-9.07,66.76,-0.72,-20.45,-0.71,-20.44,-9.09,66.67
5690301.00,-8.97,66.69,-0.74,-20.82,-0.73,-20.74,-8.99,66.46
5772705.00,-8.86,66.31,-0.74,-21.07,-0.74,-20.98,-8.89,66.06
5855110.00,-8.76,65.95,-0.77,-21.29,-0.76,-21.21,-8.78,65.74
5937514.00,-8.66,65.86,-0.78,-21.58,-0.77,-21.43,-8.69,65.38
6019919.00,-8.57,65.65,-0.79,-21.90,-0.80,-21.83,-8.58,65.56
6102323.00,-8.44,65.17,-0.82,-22.12,-0.81,-22.09,-8.50,65.25
6184727.00,-8.37,65.04,-0.83,-22.35,-0.83,-22.33,-8.36,65.19
6267132.00,-8.29,64.70,-0.86,-22.58,-0.86,-22.48,-8.30,64.61
6349536.00,-8.17,64.50,-0.88,-22.92,-0.87,-22.98,-8.17,64.53
6431940.00,-8.07,64.19,-0.89,-23.13,-0.89,-23.11,-8.08,64.08
6514345.00,-7.97,64.19,-0.90,-23.41,-0.89,-23.43,-7.99,64.17
6596749.00,-7.91,63.70,-0.91,-23.68,-0.92,-23.64,-7.90,63.73
6679154.00,-7.79,63.59,-0.94,-23.88,-0.92,-23.91,-7.83,63.65
6761558.00,-7.71,63.35,-0.97,-24.17,-0.96,-24.21,-7.72,63.28
6858175.00,-7.63,63.12,-0.98,-24.48,-0.98,-24.45,-7.62,62.97
6971528.00,-7.51,62.68,-1.01,-24.78,-1.00,-24.82,-7.52,62.62
7084881.00,-7.39,62.38,-1.04,-25.16,-1.03,-25.14,-7.40,62.33
7198234.00,-7.29,62.10,-1.05,-25.50,-1.06,-25.52,-7.29,61.98
7311588.00,-7.16,61.73,-1.08,-25.88,-1.07,-25.86,-7.19,61.69
7424941.00,-7.07,61.36,-1.11,-26.17,-1.11,-26.18,-7.08,61.41
7538294.00,-6.96,61.10,-1.14,-26.50,-1.15,-26.51,-6.97,61.06
7651647.00,-6.86,60.81,-1.17,-26.93,-1.16,-26.88,-6.88,60.76
7765000.00,-6.77,60.48,-1.20,-27.18,-1.20,-27.15,-6.76,60.38
7878354.00,-6.65,60.11,-1.23,-27.54,-1.22,-27.50,-6.68,60.07
7991707.00,-6.57,59.77,-1.25,-27.86,-1.25,-27.84,-6.58,59.80
8105060.00,-6.48,59.47,-1.28,-28.15,-1.27,-28.21,-6.48,59.46
8218413.00,-6.39,59.20,-1.31,-28.53,-1.29,-28.51,-6.41,59.17
8331767.00,-6.30,58.90,-1.34,-28.86,-1.33,-28.88,-6.31,58.87
8445120.00,-6.22,58.55,-1.37,-29.17,-1.37,-29.17,-6.22,58.54
8558473.00,-6.12,58.28,-1.40,-29.45,-1.39,-29.46,-6.13,58.17
8671826.00,-6.05,57.93,-1.42,-29.78,-1.42,-29.86,-6.05,57.92
8785179.00,-5.95,57.53,-1.46,-30.15,-1.45,-30.16,-5.96,57.57
8898533.00,-5.89,57.37,-1.48,-30.44,-1.49,-30.46,-5.88,57.25
9011886.00,-5.79,57.05,-1.52,-30.82,-1.52,-30.75,-5.81,57.09
9125239.00,-5.71,56.82,-1.55,-31.06,-1.54,-31.00,-5.73,56.67
9238592.00,-5.64,56.36,-1.58,-31.39,-1.58,-31.36,-5.65,56.29
9370604.00,-5.55,56.01,-1.62,-31.72,-1.60,-31.76,-5.56,55.99
9526642.00,-5.46,55.61,-1.65,-32.13,-1.66,-32.16,-5.46,55.62
9682679.00,-5.36,55.29,-1.70,-32.59,-1.70,-32.57,-5.36,55.26
9838717.00,-5.25,54.87,-1.75,-33.01,-1.74,-32.95,-5.26,54.80
9994755.00,-5.17,54.39,-1.79,-33.36,-1.78,-33.35,-5.17,54.46
10150793.00,-5.06,54.00,-1.84,-33.83,-1.83,-33.79,-5.07,54.07
10306831.00,-4.98,53.59,-1.88,-34.19,-1.88,-34.14,-4.98,53.59
10462869.00,-4.90,53.22,-1.92,-34.60,-1.92,-34.57,-4.90,53.22
10618907.00,-4.80,52.85,-1.97,-34.99,-1.96,-34.96,-4.81,52.81
10774945.00,-4.73,52.48,-2.01,-35.40,-2.00,-35.34,-4.74,52.46
10930983.00,-4.65,52.10,-2.06,-35.75,-2.05,-35.69,-4.65,52.05
11087021.00,-4.57,51.66,-2.11,-36.13,-2.09,-36.07,-4.59,51.67
11243059.00,-4.49,51.34,-2.14,-36.51,-2.14,-36.47,-4.50,51.23
11399096.00,-4.42,50.89,-2.20,-36.82,-2.19,-36.81,-4.42,50.94
11555134.00,-4.35,50.58,-2.24,-37.17,-2.24,-37.20,-4.34,50.49
11711172.00,-4.28,50.22,-2.29,-37.55,-2.29,-37.49,-4.27,50.21
11867210.00,-4.20,49.86,-2.34,-37.92,-2.34,-37.89,-4.21,49.82
12023248.00,-4.14,49.46,-2.39,-38.28,-2.38,-38.23,-4.14,49.43
12179286.00,-4.08,49.16,-2.43,-38.57,-2.43,-38.53,-4.08,49.12
12335324.00,-4.01,48.75,-2.48,-38.92,-2.47,-38.93,-4.01,48.72
12491362.00,-3.95,48.43,-2.53,-39.29,-2.52,-39.23,-3.95,48.39
12647400.00,-3.89,48.10,-2.58,-39.58,-2.56,-39.54,-3.90,48.07
12803438.00,-3.84,47.72,-2.62,-39.94,-2.61,-39.90,-3.83,47.74
12986388.00,-3.77,47.29,-2.68,-40.27,-2.68,-40.29,-3.77,47.33
13202635.00,-3.68,46.89,-2.75,-40.74,-2.74,-40.69,-3.69,46.81
13418883.00,-3.61,46.35,-2.81,-41.15,-2.81,-41.15,-3.61,46.40
13635130.00,-3.54,45.90,-2.88,-41.57,-2.88,-41.54,-3.54,45.92
13851377.00,-3.47,45.46,-2.94,-41.98,-2.94,-41.97,-3.47,45.48
14067625.00,-3.40,45.05,-3.01,-42.39,-3.00,-42.35,-3.41,45.03
14283872.00,-3.33,44.62,-3.08,-42.80,-3.08,-42.72,-3.34,44.62
14500120.00,-3.27,44.22,-3.15,-43.21,-3.14,-43.17,-3.28,44.22
14716367.00,-3.21,43.79,-3.22,-43.56,-3.21,-43.53,-3.22,43.73
14932614.00,-3.15,43.37,-3.28,-43.94,-3.27,-43.88,-3.15,43.38
15148862.00,-3.10,42.94,-3.35,-44.24,-3.34,-44.24,-3.10,42.94
15365109.00,-3.04,42.56,-3.42,-44.70,-3.41,-44.63,-3.04,42.56
15581357.00,-2.99,42.15,-3.48,-45.00,-3.48,-44.94,-2.99,42.15
15797604.00,-2.93,41.83,-3.55,-45.38,-3.54,-45.30,-2.94,41.77
16013851.00,-2.88,41.43,-3.61,-45.67,-3.61,-45.61,-2.88,41.37
16230099.00,-2.83,41.04,-3.68,-46.00,-3.67,-45.96,-2.83,41.02
16446346.00,-2.78,40.67,-3.74,-46.34,-3.75,-46.30,-2.79,40.67
16662594.00,-2.74,40.26,-3.82,-46.66,-3.81,-46.58,-2.74,40.25
16878841.00,-2.69,39.91,-3.88,-46.94,-3.87,-46.92,-2.69,39.93
17095088.00,-2.65,39.56,-3.94,-47.25,-3.95,-47.22,-2.65,39.59
17311336.00,-2.60,39.19,-4.01,-47.56,-4.01,-47.53,-2.60,39.21
17527583.00,-2.57,38.89,-4.07,-47.85,-4.07,-47.87,-2.57,38.85
17743831.00,-2.53,38.49,-4.14,-48.08,-4.14,-48.12,-2.52,38.51
17997375.00,-2.47,38.11,-4.22,-48.52,-4.21,-48.45,-2.48,38.12
18297064.00,-2.43,37.63,-4.30,-48.83,-4.30,-48.84,-2.43,37.68
18596754.00,-2.38,37.21,-4.39,-49.23,-4.38,-49.22,-2.37,37.26
18896444.00,-2.33,36.78,-4.48,-49.62,-4.48,-49.52,-2.32,36.82
19196133.00,-2.28,36.33,-4.57,-49.93,-4.57,-49.92,-2.27,36.36
19495823.00,-2.22,35.97,-4.66,-50.30,-4.66,-50.28,-2.23,35.97
19795512.00,-2.19,35.50,-4.74,-50.64,-4.74,-50.61,-2.18,35.57
20095202.00,-2.14,35.13,-4.83,-50.97,-4.83,-50.92,-2.14,35.13
20394892.00,-2.10,34.76,-4.92,-51.27,-4.91,-51.29,-2.10,34.75
20694581.00,-2.06,34.36,-5.00,-51.61,-5.00,-51.58,-2.06,34.39
20994271.00,-2.03,33.99,-5.09,-51.92,-5.08,-51.86,-2.03,34.01
21293961.00,-1.99,33.64,-5.17,-52.17,-5.17,-52.18,-1.99,33.65
21593650.00,-1.95,33.30,-5.25,-52.51,-5.24,-52.45,-1.95,33.28
21893340.00,-1.91,32.93,-5.33,-52.74,-5.33,-52.77,-1.92,32.97
22193029.00,-1.89,32.64,-5.42,-53.05,-5.41,-53.00,-1.89,32.60
22492719.00,-1.85,32.24,-5.49,-53.36,-5.50,-53.33,-1.85,32.29
22792409.00,-1.82,31.94,-5.58,-53.60,-5.58,-53.61,-1.82,31.91
23092098.00,-1.79,31.61,-5.66,-53.85,-5.65,-53.84,-1.79,31.61
23391788.00,-1.76,31.30,-5.74,-54.14,-5.74,-54.12,-1.76,31.31
23691478.00,-1.73,31.01,-5.82,-54.39,-5.82,-54.41,-1.73,30.99
23991167.00,-1.71,30.70,-5.90,-54.60,-5.90,-54.61,-1.70,30.69
24290857.00,-1.67,30.38,-5.97,-54.89,-5.98,-54.90,-1.68,30.39
24590546.00,-1.65,30.11,-6.06,-55.11,-6.05,-55.10,-1.65,30.08
24941924.00,-1.62,29.79,-6.14,-55.37,-6.14,-55.35,-1.62,29.78
25357253.00,-1.58,29.38,-6.24,-55.73,-6.24,-55.70,-1.59,29.39
25772583.00,-1.55,29.01,-6.35,-56.02,-6.34,-56.04,-1.56,29.01
26187912.00,-1.53,28.66,-6.46,-56.31,-6.45,-56.35,-1.52,28.67
26603241.00,-1.49,28.29,-6.55,-56.59,-6.55,-56.61,-1.49,28.29
27018570.00,-1.46,27.93,-6.66,-56.92,-6.65,-56.86,-1.47,27.95
27433899.00,-1.44,27.61,-6.76,-57.14,-6.75,-57.21,-1.44,27.64
27849229.00,-1.41,27.26,-6.85,-57.41,-6.85,-57.39,-1.41,27.27
28264558.00,-1.38,26.96,-6.95,-57.71,-6.95,-57.67,-1.39,26.97
28679887.00,-1.36,26.64,-7.05,-57.94,-7.05,-57.93,-1.36,26.68
29095216.00,-1.34,26.34,-7.14,-58.20,-7.14,-58.20,-1.34,26.36
29510546.00,-1.31,26.06,-7.23,-58.44,-7.24,-58.43,-1.31,26.06
29925875.00,-1.29,25.75,-7.34,-58.64,-7.33,-58.67,-1.28,25.78
30341204.00,-1.26,25.49,-7.42,-58.89,-7.42,-58.84,-1.27,25.49
30756533.00,-1.24,25.23,-7.51,-59.10,-7.51,-59.04,-1.25,25.24
31171863.00,-1.23,24.92,-7.61,-59.31,-7.61,-59.29,-1.23,24.93
31587192.00,-1.20,24.63,-7.70,-59.54,-7.70,-59.50,-1.21,24.68
32002521.00,-1.18,24.44,-7.79,-59.68,-7.79,-59.72,-1.19,24.41
32417850.00,-1.17,24.13,-7.88,-59.89,-7.87,-59.90,-1.17,24.19
32833179.00,-1.15,23.93,-7.96,-60.07,-7.96,-60.09,-1.15,23.95
33248509.00,-1.14,23.71,-8.05,-60.26,-8.05,-60.27,-1.14,23.69
33663838.00,-1.11,23.44,-8.13,-60.47,-8.13,-60.40,-1.12,23.45
34079167.00,-1.10,23.21,-8.22,-60.61,-8.22,-60.67,-1.10,23.23
34566129.00,-1.08,22.96,-8.32,-60.89,-8.32,-60.82,-1.08,22.99
35141719.00,-1.06,22.65,-8.44,-61.11,-8.43,-61.08,-1.06,22.68
35717309.00,-1.04,22.35,-8.55,-61.32,-8.54,-61.29,-1.04,22.37
36292899.00,-1.02,22.04,-8.66,-61.55,-8.65,-61.57,-1.02,22.08
36868489.00,-1.00,21.79,-8.76,-61.76,-8.77,-61.71,-1.00,21.80
37444079.00,-0.98,21.50,-8.88,-61.92,-8.88,-61.95,-0.98,21.52
38019669.00,-0.96,21.24,-8.99,-62.13,-8.99,-62.10,-0.97,21.29
38595260.00,-0.95,20.99,-9.10,-62.32,-9.09,-62.32,-0.95,21.04
39170850.00,-0.93,20.75,-9.20,-62.50,-9.20,-62.51,-0.93,20.78
39746440.00,-0.92,20.52,-9.30,-62.72,-9.30,-62.71,-0.92,20.52
40322030.00,-0.90,20.27,-9.41,-62.88,-9.40,-62.87,-0.90,20.33
40897620.00,-0.89,20.05,-9.51,-63.00,-9.50,-63.01,-0.88,20.08
41473210.00,-0.87,19.82,-9.61,-63.18,-9.60,-63.16,-0.87,19.83
42048800.00,-0.86,19.58,-9.70,-63.35,-9.71,-63.36,-0.86,19.61
42624390.00,-0.85,19.40,-9.81,-63.45,-9.80,-63.51,-0.84,19.44
43199980.00,-0.83,19.17,-9.90,-63.67,-9.91,-63.63,-0.84,19.22
43775570.00,-0.82,18.97,-10.00,-63.83,-9.99,-63.79,-0.82,19.02
44351160.00,-0.81,18.79,-10.09,-63.97,-10.10,-63.94,-0.81,18.84
44926750.00,-0.79,18.59,-10.19,-64.09,-10.19,-64.07,-0.80,18.62
45502340.00,-0.79,18.40,-10.28,-64.22,-10.27,-64.24,-0.78,18.42
46077930.00,-0.77,18.20,-10.37,-64.36,-10.37,-64.32,-0.77,18.24
46653521.00,-0.76,18.05,-10.46,-64.45,-10.45,-64.47,-0.76,18.09
47229111.00,-0.75,17.84,-10.55,-64.63,-10.55,-64.59,-0.75,17.88
47903974.00,-0.74,17.67,-10.65,-64.68,-10.66,-64.74,-0.74,17.68
48701664.00,-0.73,17.43,-10.78,-64.89,-10.78,-64.88,-0.73,17.46
49499354.00,-0.71,17.19,-10.89,-65.04,-10.89,-65.05,-0.72,17.25
50297043.00,-0.70,17.01,-11.01,-65.24,-11.01,-65.25,-0.70,17.01
51094733.00,-0.69,16.78,-11.13,-65.34,-11.13,-65.33,-0.69,16.79
51892423.00,-0.68,16.59,-11.24,-65.47,-11.24,-65.40,-0.68,16.63
52690113.00,-0.67,16.37,-11.36,-65.60,-11.35,-65.60,-0.66,16.39
53487803.00,-0.66,16.20,-11.46,-65.70,-11.46,-65.69,-0.65,16.22
54285493.00,-0.65,15.99,-11.58,-65.81,-11.58,-65.79,-0.65,16.03
55083183.00,-0.64,15.83,-11.68,-65.90,-11.68,-65.94,-0.64,15.84
55880873.00,-0.63,15.66,-11.79,-66.06,-11.79,-66.04,-0.63,15.69
56678563.00,-0.62,15.49,-11.90,-66.17,-11.90,-66.18,-0.62,15.49
57476252.00,-0.61,15.32,-12.00,-66.29,-12.01,-66.31,-0.61,15.35
58273942.00,-0.60,15.14,-12.11,-66.38,-12.11,-66.32,-0.60,15.19
59071632.00,-0.60,15.00,-12.21,-66.44,-12.21,-66.46,-0.59,15.03
59869322.00,-0.59,14.83,-12.31,-66.61,-12.31,-66.56,-0.59,14.89
60667012.00,-0.58,14.71,-12.40,-66.63,-12.41,-66.61,-0.58,14.73
61464702.00,-0.57,14.54,-12.51,-66.74,-12.51,-66.71,-0.57,14.60
62262392.00,-0.56,14.40,-12.60,-66.83,-12.61,-66.83,-0.56,14.44
63060082.00,-0.56,14.25,-12.70,-66.89,-12.70,-66.88,-0.56,14.29
63857772.00,-0.55,14.13,-12.79,-66.94,-12.79,-66.97,-0.55,14.18
64655461.00,-0.54,13.99,-12.90,-67.05,-12.89,-67.03,-0.54,14.05
65453151.00,-0.54,13.87,-12.98,-67.07,-12.98,-67.05,-0.54,13.93
66388420.00,-0.53,13.73,-13.09,-67.17,-13.08,-67.18,-0.53,13.78
67493910.00,-0.53,13.53,-13.21,-67.22,-13.22,-67.20,-0.52,13.62
68599401.00,-0.51,13.40,-13.34,-67.33,-13.34,-67.31,-0.51,13.45
69704891.00,-0.51,13.23,-13.46,-67.41,-13.46,-67.36,-0.50,13.31
70810381.00,-0.50,13.10,-13.58,-67.47,-13.58,-67.54,-0.50,13.15
71915871.00,-0.49,12.95,-13.69,-67.55,-13.69,-67.59,-0.49,12.98
73021361.00,-0.49,12.81,-13.81,-67.63,-13.82,-67.63,-0.49,12.85
74126851.00,-0.48,12.66,-13.92,-67.67,-13.93,-67.72,-0.48,12.72
75232342.00,-0.48,12.52,-14.04,-67.72,-14.04,-67.73,-0.47,12.59
76337832.00,-0.47,12.40,-14.15,-67.82,-14.15,-67.82,-0.47,12.45
77443322.00,-0.46,12.27,-14.26,-67.83,-14.27,-67.86,-0.46,12.33
78548812.00,-0.46,12.16,-14.37,-67.92,-14.37,-67.91,-0.45,12.21
79654302.00,-0.45,12.05,-14.48,-67.91,-14.47,-67.92,-0.45,12.10
80759792.00,-0.44,11.92,-14.59,-67.96,-14.58,-67.92,-0.44,11.99
81865283.00,-0.44,11.82,-14.69,-67.94,-14.68,-68.03,-0.44,11.89
82970773.00,-0.43,11.72,-14.79,-68.03,-14.79,-68.05,-0.43,11.77
84076263.00,-0.43,11.60,-14.89,-68.04,-14.90,-68.11,-0.43,11.67
85181753.00,-0.42,11.50,-14.99,-68.11,-15.00,-68.09,-0.42,11.56
86287243.00,-0.42,11.39,-15.09,-68.08,-15.10,-68.12,-0.42,11.46
87392733.00,-0.42,11.30,-15.19,-68.14,-15.20,-68.15,-0.41,11.37
88498224.00,-0.41,11.22,-15.29,-68.23,-15.29,-68.15,-0.41,11.29
89603714.00,-0.41,11.13,-15.38,-68.24,-15.38,-68.18,-0.41,11.18
90709204.00,-0.40,11.05,-15.49,-68.30,-15.48,-68.21,-0.40,11.09
92005360.00,-0.40,10.96,-15.59,-68.25,-15.59,-68.26,-0.40,11.01
93526042.00,-0.40,10.82,-15.72,-68.21,-15.72,-68.22,-0.39,10.86
95046724.00,-0.39,10.72,-15.85,-68.26,-15.84,-68.25,-0.39,10.77
96567406.00,-0.38,10.63,-15.97,-68.30,-15.96,-68.27,-0.38,10.68
98088088.00,-0.38,10.49,-16.09,-68.25,-16.09,-68.28,-0.38,10.57
99608770.00,-0.38,10.40,-16.21,-68.27,-16.20,-68.28,-0.38,10.47
101129452.00,-0.37,10.32,-16.32,-68.33,-16.32,-68.28,-0.37,10.39
102650134.00,-0.37,10.24,-16.44,-68.23,-16.44,-68.30,-0.36,10.28
104170816.00,-0.36,10.13,-16.56,-68.25,-16.55,-68.27,-0.36,10.18
105691498.00,-0.36,10.06,-16.66,-68.28,-16.67,-68.30,-0.36,10.08
107212180.00,-0.36,9.96,-16.78,-68.21,-16.77,-68.18,-0.35,10.03
108732862.00,-0.36,9.89,-16.89,-68.24,-16.88,-68.20,-0.35,9.94
110253544.00,-0.35,9.79,-17.00,-68.23,-16.99,-68.19,-0.35,9.87
111774226.00,-0.35,9.73,-17.11,-68.19,-17.11,-68.17,-0.34,9.80
113294908.00,-0.34,9.65,-17.21,-68.13,-17.21,-68.17,-0.34,9.71
114815590.00,-0.34,9.59,-17.32,-68.20,-17.31,-68.25,-0.34,9.62
116336272.00,-0.34,9.51,-17.43,-68.13,-17.41,-68.11,-0.33,9.60
117856954.00,-0.33,9.45,-17.52,-68.15,-17.50,-68.04,-0.33,9.55
119377636.00,-0.33,9.40,-17.62,-68.06,-17.60,-68.02,-0.32,9.47
120898318.00,-0.33,9.33,-17.72,-68.07,-17.70,-68.05,-0.32,9.41
122419000.00,-0.32,9.31,-17.82,-68.07,-17.80,-68.05,-0.33,9.32
123939682.00,-0.32,9.23,-17.91,-67.99,-17.91,-67.97,-0.32,9.29
125710672.00,-0.32,9.11,-18.02,-68.05,-18.00,-67.96,-0.31,9.22
127803988.00,-0.31,9.08,-18.14,-67.98,-18.14,-67.95,-0.31,9.14
129897304.00,-0.31,9.02,-18.28,-67.89,-18.27,-67.85,-0.31,9.08
131990619.00,-0.31,8.95,-18.40,-67.88,-18.40,-67.80,-0.31,9.01
134083935.00,-0.31,8.87,-18.52,-67.86,-18.52,-67.84,-0.30,8.96
136177250.00,-0.31,8.85,-18.64,-67.76,-18.65,-67.76,-0.30,8.94
138270566.00,-0.30,8.79,-18.76,-67.70,-18.77,-67.79,-0.30,8.81
140363881.00,-0.30,8.75,-18.89,-67.68,-18.89,-67.74,-0.29,8.78
142457197.00,-0.30,8.69,-19.00,-67.65,-19.01,-67.65,-0.30,8.78
144550512.00,-0.29,8.62,-19.12,-67.54,-19.12,-67.64,-0.29,8.69
146643828.00,-0.29,8.61,-19.23,-67.59,-19.23,-67.57,-0.29,8.64
148737143.00,-0.29,8.56,-19.34,-67.45,-19.35,-67.55,-0.29,8.59
150830459.00,-0.29,8.50,-19.45,-67.40,-19.46,-67.46,-0.28,8.58
152923774.00,-0.29,8.44,-19.56,-67.35,-19.56,-67.43,-0.28,8.53
155017090.00,-0.28,8.46,-19.67,-67.25,-19.67,-67.33,-0.28,8.46
157110406.00,-0.28,8.38,-19.78,-67.25,-19.78,-67.28,-0.28,8.44
159203721.00,-0.28,8.35,-19.89,-67.15,-19.89,-67.17,-0.28,8.39
161297037.00,-0.28,8.31,-19.99,-67.12,-20.00,-67.10,-0.28,8.36
163390352.00,-0.28,8.26,-20.10,-66.97,-20.10,-66.98,-0.28,8.34
165483668.00,-0.27,8.27,-20.19,-66.89,-20.20,-66.98,-0.27,8.27
167576983.00,-0.27,8.24,-20.30,-66.80,-20.29,-66.79,-0.27,8.27
169670299.00,-0.27,8.20,-20.40,-66.70,-20.41,-66.78,-0.27,8.22
171763614.00,-0.27,8.14,-20.51,-66.65,-20.50,-66.70,-0.27,8.19
174217968.00,-0.26,8.14,-20.62,-66.56,-20.61,-66.62,-0.26,8.15
177119020.00,-0.26,8.09,-20.75,-66.48,-20.76,-66.41,-0.26,8.13
180020072.00,-0.26,8.04,-20.90,-66.36,-20.90,-66.36,-0.26,8.08
182921123.00,-0.26,8.05,-21.02,-66.22,-21.03,-66.25,-0.26,8.08
185822175.00,-0.26,8.02,-21.15,-66.06,-21.15,-66.03,-0.26,8.03
188723227.00,-0.26,7.99,-21.28,-65.99,-21.28,-65.95,-0.26,8.00
191624279.00,-0.26,7.98,-21.41,-65.84,-21.41,-65.88,-0.26,7.97
194525331.00,-0.25,7.95,-21.54,-65.77,-21.53,-65.73,-0.26,7.97
197426383.00,-0.25,7.92,-21.66,-65.68,-21.66,-65.61,-0.26,7.92
200327435.00,-0.25,7.91,-21.78,-65.54,-21.77,-65.57,-0.25,7.91
203228486.00,-0.25,7.90,-21.89,-65.44,-21.88,-65.35,-0.25,7.88
206129538.00,-0.25,7.90,-22.01,-65.27,-22.01,-65.27,-0.25,7.88
209030590.00,-0.25,7.89,-22.13,-65.14,-22.13,-65.18,-0.25,7.87
211931642.00,-0.25,7.87,-22.24,-64.97,-22.24,-65.06,-0.25,7.85
214832694.00,-0.24,7.87,-22.36,-64.85,-22.36,-64.87,-0.25,7.83
217733746.00,-0.24,7.86,-22.48,-64.67,-22.47,-64.72,-0.25,7.81
220634797.00,-0.24,7.86,-22.58,-64.53,-22.58,-64.54,-0.25,7.80
223535849.00,-0.24,7.83,-22.69,-64.48,-22.70,-64.48,-0.25,7.77
226436901.00,-0.24,7.84,-22.81,-64.32,-22.80,-64.29,-0.25,7.78
229337953.00,-0.24,7.83,-22.91,-64.16,-22.90,-64.19,-0.25,7.76
232239005.00,-0.24,7.83,-23.02,-64.01,-23.02,-63.97,-0.25,7.76
235140057.00,-0.24,7.81,-23.12,-63.88,-23.12,-63.86,-0.25,7.73
238041109.00,-0.23,7.83,-23.23,-63.74,-23.22,-63.73,-0.25,7.71
241442510.00,-0.23,7.82,-23.34,-63.48,-23.35,-63.54,-0.25,7.71
245462975.00,-0.23,7.82,-23.48,-63.33,-23.49,-63.32,-0.25,7.72
249483440.00,-0.23,7.81,-23.62,-63.06,-23.63,-63.11,-0.25,7.69
253503905.00,-0.23,7.85,-23.77,-62.91,-23.77,-62.84,-0.25,7.74
257524370.00,-0.23,7.83,-23.90,-62.63,-23.91,-62.69,-0.25,7.69
261544835.00,-0.23,7.83,-24.04,-62.49,-24.04,-62.43,-0.25,7.70
265565300.00,-0.23,7.85,-24.16,-62.21,-24.17,-62.27,-0.25,7.68
269585765.00,-0.23,7.91,-24.31,-61.94,-24.30,-61.95,-0.25,7.67
273606230.00,-0.23,7.89,-24.43,-61.85,-24.44,-61.84,-0.25,7.68
277626695.00,-0.23,7.94,-24.56,-61.44,-24.56,-61.56,-0.25,7.69
281647160.00,-0.23,7.94,-24.68,-61.27,-24.69,-61.34,-0.25,7.67
285667625.00,-0.23,7.92,-24.80,-61.16,-24.82,-61.10,-0.26,7.70
289688090.00,-0.23,7.94,-24.93,-60.91,-24.91,-60.84,-0.26,7.68
293708555.00,-0.23,8.01,-25.03,-60.53,-25.04,-60.60,-0.26,7.71
297729020.00,-0.22,7.99,-25.17,-60.29,-25.18,-60.37,-0.26,7.69
301749485.00,-0.23,8.02,-25.28,-60.07,-25.28,-60.07,-0.26,7.71
305769950.00,-0.23,8.07,-25.40,-59.82,-25.40,-59.80,-0.26,7.69
309790415.00,-0.23,8.07,-25.52,-59.56,-25.52,-59.55,-0.27,7.69
313810880.00,-0.23,8.08,-25.64,-59.39,-25.63,-59.30,-0.27,7.71
317831345.00,-0.23,8.13,-25.74,-59.09,-25.74,-59.09,-0.27,7.72
321851810.00,-0.23,8.12,-25.84,-58.83,-25.85,-58.90,-0.27,7.71
325872275.00,-0.23,8.15,-25.96,-58.67,-25.96,-58.61,-0.28,7.70
329892740.00,-0.23,8.15,-26.07,-58.34,-26.06,-58.39,-0.28,7.67
334606622.00,-0.23,8.19,-26.19,-58.17,-26.20,-58.07,-0.28,7.73
340178442.00,-0.23,8.26,-26.32,-57.71,-26.33,-57.74,-0.29,7.72
345750262.00,-0.23,8.31,-26.47,-57.38,-26.45,-57.35,-0.29,7.70
351322082.00,-0.23,8.33,-26.62,-57.01,-26.61,-57.06,-0.29,7.76
356893902.00,-0.23,8.37,-26.75,-56.61,-26.73,-56.56,-0.30,7.74
362465722.00,-0.23,8.42,-26.87,-56.28,-26.87,-56.25,-0.31,7.76
368037542.00,-0.23,8.48,-27.01,-55.94,-26.99,-55.93,-0.31,7.77
373609362.00,-0.23,8.50,-27.13,-55.67,-27.13,-55.71,-0.32,7.75
379181182.00,-0.24,8.55,-27.25,-55.34,-27.26,-55.28,-0.32,7.76
384753002.00,-0.24,8.58,-27.38,-55.00,-27.38,-55.04,-0.33,7.77
390324822.00,-0.24,8.62,-27.50,-54.71,-27.49,-54.68,-0.34,7.78
395896642.00,-0.24,8.66,-27.60,-54.35,-27.60,-54.42,-0.34,7.76
401468462.00,-0.24,8.71,-27.71,-54.13,-27.72,-54.17,-0.35,7.78
407040282.00,-0.24,8.78,-27.82,-53.85,-27.83,-53.69,-0.36,7.77
412612102.00,-0.24,8.80,-27.94,-53.46,-27.93,-53.47,-0.37,7.79
418183922.00,-0.24,8.84,-28.04,-53.30,-28.04,-53.31,-0.38,7.76
423755743.00,-0.24,8.92,-28.16,-52.99,-28.13,-53.04,-0.38,7.76
429327563.00,-0.25,8.98,-28.24,-52.86,-28.24,-52.75,-0.40,7.77
434899383.00,-0.25,8.99,-28.36,-52.61,-28.34,-52.63,-0.41,7.76
440471203.00,-0.25,9.06,-28.43,-52.46,-28.43,-52.38,-0.42,7.75
446043023.00,-0.26,9.10,-28.54,-52.23,-28.52,-52.21,-0.44,7.72
451614843.00,-0.26,9.11,-28.62,-52.18,-28.61,-52.01,-0.45,7.73
457186663.00,-0.26,9.18,-28.72,-52.01,-28.72,-51.96,-0.46,7.73
463719465.00,-0.26,9.19,-28.81,-51.92,-28.81,-51.75,-0.48,7.71
471441253.00,-0.26,9.29,-28.94,-51.83,-28.94,-51.79,-0.50,7.69
479163041.00,-0.27,9.34,-29.05,-51.85,-29.05,-51.73,-0.52,7.67
486884829.00,-0.26,9.37,-29.18,-51.78,-29.18,-51.83,-0.54,7.63
494606617.00,-0.27,9.45,-29.26,-51.89,-29.26,-51.89,-0.56,7.61
502328405.00,-0.28,9.50,-29.38,-52.06,-29.38,-51.95,-0.60,7.58
510050193.00,-0.28,9.55,-29.50,-52.30,-29.50,-52.37,-0.63,7.55
517771981.00,-0.28,9.61,-29.61,-52.67,-29.60,-52.70,-0.66,7.55
525493769.00,-0.29,9.68,-29.69,-53.20,-29.70,-53.22,-0.69,7.53
533215557.00,-0.29,9.71,-29.81,-53.71,-29.78,-53.66,-0.73,7.52
540937345.00,-0.30,9.78,-29.90,-54.36,-29.90,-54.33,-0.77,7.51
548659133.00,-0.31,9.85,-30.00,-55.16,-29.99,-55.17,-0.81,7.49
556380921.00,-0.32,9.86,-30.09,-56.05,-30.09,-55.95,-0.85,7.50
564102709.00,-0.32,9.94,-30.20,-57.07,-30.21,-56.90,-0.90,7.51
571824497.00,-0.33,9.97,-30.32,-58.33,-30.30,-58.21,-0.94,7.57
579546285.00,-0.33,10.03,-30.40,-59.65,-30.39,-59.53,-1.00,7.59
587268073.00,-0.34,10.03,-30.51,-61.17,-30.49,-60.94,-1.05,7.64
594989861.00,-0.36,10.08,-30.63,-62.99,-30.58,-62.98,-1.10,7.67
602711649.00,-0.37,10.15,-30.71,-64.95,-30.70,-64.71,-1.16,7.80
610433437.00,-0.38,10.20,-30.85,-67.04,-30.84,-66.92,-1.23,7.89
618155225.00,-0.39,10.24,-30.95,-69.53,-30.93,-69.31,-1.29,7.98
625877013.00,-0.41,10.29,-31.08,-72.40,-31.06,-72.20,-1.36,8.19
633598801.00,-0.42,10.32,-31.21,-75.49,-31.17,-75.21,-1.42,8.33
642652380.00,-0.44,10.39,-31.33,-79.54,-31.31,-79.17,-1.50,8.57
653353732.00,-0.46,10.45,-31.46,-84.65,-31.44,-84.42,-1.60,8.93
664055085.00,-0.49,10.54,-31.58,-90.77,-31.58,-90.45,-1.70,9.35
674756437.00,-0.53,10.63,-31.66,-97.84,-31.67,-97.61,-1.79,9.82
685457790.00,-0.56,10.78,-31.69,-105.94,-31.68,-105.64,-1.89,10.41
696159142.00,-0.59,10.92,-31.68,-114.67,-31.68,-114.36,-1.98,11.08
706860494.00,-0.63,11.09,-31.58,-124.36,-31.59,-124.10,-2.07,11.82
717561847.00,-0.67,11.32,-31.43,-134.89,-31.42,-134.41,-2.14,12.68
728263199.00,-0.70,11.63,-31.22,-145.97,-31.24,-145.56,-2.20,13.58
738964552.00,-0.73,11.95,-30.97,-156.94,-30.99,-156.37,-2.24,14.57
749665904.00,-0.76,12.30,-30.66,-167.58,-30.70,-167.32,-2.27,15.49
760367257.00,-0.77,12.64,-30.34,-177.76,-30.34,-177.54,-2.27,16.45
771068609.00,-0.78,12.99,-29.96,172.61,-30.00,172.69,-2.25,17.35
781769962.00,-0.78,13.36,-29.63,163.64,-29.67,164.00,-2.23,18.19
792471314.00,-0.77,13.65,-29.31,155.52,-29.35,155.79,-2.19,18.98
803172666.00,-0.76,13.95,-29.02,148.46,-29.03,148.47,-2.14,19.72
813874019.00,-0.75,14.19,-28.73,141.91,-28.78,142.13,-2.08,20.32
824575371.00,-0.73,14.40,-28.48,136.21,-28.51,136.39,-2.02,20.86
835276724.00,-0.72,14.58,-28.24,131.16,-28.26,131.35,-1.97,21.33
845978076.00,-0.71,14.74,-28.01,126.78,-28.03,126.94,-1.91,21.74
856679429.00,-0.70,14.85,-27.79,122.87,-27.81,123.10,-1.85,22.05
867380781.00,-0.68,14.97,-27.59,119.40,-27.62,119.54,-1.80,22.34
878082133.00,-0.67,15.08,-27.39,116.31,-27.42,116.55,-1.75,22.61
890629168.00,-0.67,15.21,-27.16,113.17,-27.19,113.32,-1.70,22.84
905459793.00,-0.66,15.29,-26.91,110.08,-26.93,110.22,-1.64,23.11
920290419.00,-0.66,15.39,-26.66,107.36,-26.67,107.48,-1.59,23.28
935121044.00,-0.66,15.48,-26.39,104.98,-26.42,105.07,-1.54,23.44
949951669.00,-0.66,15.55,-26.14,102.84,-26.16,102.97,-1.50,23.56
964782295.00,-0.67,15.58,-25.88,101.04,-25.91,101.15,-1.47,23.65
979612920.00,-0.67,15.64,-25.63,99.24,-25.65,99.35,-1.44,23.73
994443545.00,-0.68,15.69,-25.38,97.74,-25.40,97.80,-1.41,23.74
1009274170.00,-0.69,15.73,-25.11,96.29,-25.13,96.48,-1.39,23.81
1024104796.00,-0.70,15.79,-24.86,94.88,-24.89,95.02,-1.37,23.83
1038935421.00,-0.72,15.82,-24.61,93.59,-24.63,93.64,-1.36,23.84
1053766046.00,-0.74,15.89,-24.36,92.21,-24.37,92.33,-1.36,23.84
1068596671.00,-0.76,15.90,-24.12,90.72,-24.14,90.96,-1.35,23.81
1083427297.00,-0.79,15.97,-23.88,89.44,-23.91,89.65,-1.35,23.83
1098257922.00,-0.82,16.02,-23.61,88.19,-23.64,88.31,-1.36,23.86
1113088547.00,-0.84,16.07,-23.37,86.37,-23.39,86.46,-1.37,23.84
1127919173.00,-0.87,16.15,-23.17,84.57,-23.20,84.79,-1.38,23.86
1142749798.00,-0.90,16.22,-22.97,83.14,-23.00,83.33,-1.40,23.90
1157580423.00,-0.94,16.31,-22.79,81.39,-22.81,81.52,-1.42,23.92
1172411048.00,-0.97,16.44,-22.59,79.59,-22.63,79.78,-1.45,23.99
1187241674.00,-1.01,16.62,-22.46,77.45,-22.48,77.65,-1.47,24.12
1202072299.00,-1.06,16.79,-22.40,75.18,-22.41,75.43,-1.50,24.25
1216902924.00,-1.09,17.03,-22.32,73.20,-22.33,73.42,-1.53,24.43
1234291415.00,-1.13,17.32,-22.29,70.57,-22.31,70.77,-1.56,24.73
1254844653.00,-1.17,17.73,-22.38,67.08,-22.39,67.39,-1.59,25.10
1275397892.00,-1.20,18.11,-22.64,63.91,-22.65,64.29,-1.60,25.51
1295951130.00,-1.21,18.61,-22.94,61.84,-22.93,62.23,-1.60,25.98
1316504368.00,-1.21,19.00,-23.35,59.43,-23.35,59.74,-1.57,26.37
1337057606.00,-1.21,19.33,-23.96,58.58,-23.96,58.78,-1.54,26.65
1357610844.00,-1.19,19.70,-24.47,58.94,-24.45,59.51,-1.50,26.99
1378164083.00,-1.16,19.91,-24.91,59.86,-24.89,60.27,-1.45,27.06
1398717321.00,-1.14,20.00,-25.49,61.07,-25.46,61.44,-1.41,27.08
1419270559.00,-1.13,20.10,-25.99,64.68,-25.95,65.14,-1.37,27.13
1439823797.00,-1.11,20.16,-26.22,68.17,-26.19,68.52,-1.33,27.02
1460377035.00,-1.10,20.14,-26.45,72.25,-26.41,72.63,-1.30,26.96
1480930274.00,-1.10,20.15,-26.44,76.38,-26.38,76.59,-1.27,26.83
1501483512.00,-1.10,20.11,-26.43,80.55,-26.37,80.55,-1.25,26.59
1522036750.00,-1.09,20.10,-26.16,84.13,-26.11,84.19,-1.23,26.41
1542589988.00,-1.10,19.97,-26.04,87.55,-26.01,87.55,-1.22,26.17
1563143226.00,-1.11,19.92,-25.69,91.20,-25.66,91.04,-1.21,25.95
1583696465.00,-1.12,19.87,-25.33,93.81,-25.31,93.76,-1.20,25.71
1604249703.00,-1.13,19.74,-24.98,96.22,-24.94,96.16,-1.21,25.49
1624802941.00,-1.15,19.72,-24.53,98.57,-24.49,98.43,-1.21,25.34
1645356179.00,-1.16,19.60,-24.16,100.27,-24.13,100.15,-1.21,25.11
1665909417.00,-1.19,19.54,-23.74,101.99,-23.72,101.83,-1.22,24.85
1686462656.00,-1.19,19.50,-23.31,103.01,-23.28,102.81,-1.22,24.64
1710560749.00,-1.22,19.37,-22.90,104.67,-22.89,104.51,-1.23,24.35
1738833221.00,-1.25,19.25,-22.36,105.92,-22.34,105.74,-1.24,23.96
1767105692.00,-1.28,19.16,-21.81,107.79,-21.79,107.54,-1.27,23.68
1795378163.00,-1.31,19.15,-21.12,108.67,-21.12,108.43,-1.28,23.45
1823650635.00,-1.35,19.09,-20.57,108.98,-20.58,108.66,-1.31,23.17
1851923106.00,-1.36,19.05,-19.93,109.15,-19.94,108.83,-1.31,22.90
1880195577.00,-1.37,19.04,-19.36,108.90,-19.37,108.61,-1.33,22.60
1908468049.00,-1.39,18.93,-18.84,108.68,-18.88,108.46,-1.34,22.37
1936740520.00,-1.39,18.88,-18.28,107.92,-18.32,107.67,-1.33,22.09
1965012991.00,-1.39,18.71,-17.77,106.78,-17.80,106.68,-1.34,21.75
1993285462.00,-1.37,18.56,-17.30,105.63,-17.33,105.42,-1.33,21.44
2021557934.00,-1.36,18.28,-16.89,104.03,-16.91,103.98,-1.34,21.00
2049830405.00,-1.36,17.93,-16.52,102.75,-16.54,102.70,-1.34,20.53
2078102876.00,-1.35,17.54,-16.14,101.33,-16.18,101.30,-1.34,20.07
2106375348.00,-1.36,17.11,-15.80,99.93,-15.85,99.87,-1.36,19.47
2134647819.00,-1.36,16.66,-15.50,98.54,-15.53,98.51,-1.37,18.88
2162920290.00,-1.37,16.07,-15.20,97.03,-15.23,97.02,-1.40,18.29
2191192762.00,-1.39,15.58,-14.94,95.54,-14.96,95.63,-1.41,17.83
2219465233.00,-1.40,14.98,-14.64,94.15,-14.67,94.29,-1.44,17.20
2247737704.00,-1.44,14.39,-14.39,92.34,-14.43,92.44,-1.48,16.64
2276010176.00,-1.47,13.78,-14.19,90.86,-14.21,90.95,-1.52,16.12
2304282647.00,-1.52,13.21,-13.97,89.03,-14.01,89.12,-1.56,15.51
2337208854.00,-1.57,12.54,-13.81,87.11,-13.84,87.24,-1.62,14.88
2376127711.00,-1.64,11.91,-13.58,85.07,-13.61,85.25,-1.68,14.10
2415046567.00,-1.71,11.19,-13.49,82.89,-13.50,83.05,-1.74,13.56
2453965423.00,-1.77,10.44,-13.38,80.94,-13.40,81.12,-1.78,12.92
2492884280.00,-1.82,9.84,-13.34,79.17,-13.35,79.50,-1.83,12.28
2531803136.00,-1.86,9.17,-13.33,77.95,-13.33,78.28,-1.86,11.60
2570721993.00,-1.87,8.47,-13.31,77.55,-13.30,77.79,-1.85,10.91
2609640849.00,-1.89,7.66,-13.23,76.94,-13.21,77.13,-1.86,10.07
2648559705.00,-1.90,6.53,-13.11,76.90,-13.09,76.98,-1.84,8.98
2687478562.00,-1.90,5.35,-12.99,76.51,-12.96,76.63,-1.85,7.80
2726397418.00,-1.93,4.00,-12.77,76.34,-12.75,76.39,-1.85,6.51
2765316274.00,-1.96,2.67,-12.57,75.92,-12.55,76.02,-1.86,5.13
2804235131.00,-2.00,1.20,-12.32,75.18,-12.31,75.27,-1.89,3.65
2843153987.00,-2.05,-0.40,-12.11,74.62,-12.09,74.67,-1.92,2.15
2882072844.00,-2.12,-2.03,-11.87,73.48,-11.85,73.55,-1.97,0.48
2920991700.00,-2.19,-3.54,-11.65,72.72,-11.63,72.73,-2.00,-1.14
2959910556.00,-2.27,-5.19,-11.41,71.39,-11.39,71.38,-2.05,-2.75
2998829413.00,-2.34,-6.75,-11.21,70.24,-11.21,70.26,-2.09,-4.46
3037748269.00,-2.42,-8.47,-11.01,68.95,-11.00,68.95,-2.13,-6.24
3076667126.00,-2.50,-10.10,-10.78,67.75,-10.78,67.65,-2.18,-8.09
3115585982.00,-2.59,-11.63,-10.61,66.40,-10.60,66.31,-2.23,-9.93
3154504838.00,-2.67,-13.19,-10.39,64.57,-10.39,64.56,-2.29,-11.77
3193423695.00,-2.74,-14.71,-10.21,62.79,-10.22,62.74,-2.34,-13.56
3239054959.00,-2.81,-16.53,-10.02,60.65,-10.03,60.59,-2.40,-15.80
3292991224.00,-2.83,-18.59,-9.87,58.23,-9.87,58.19,-2.44,-18.09
3346927488.00,-2.82,-20.75,-9.71,55.56,-9.73,55.62,-2.46,-20.47
3400863752.00,-2.82,-23.14,-9.61,52.78,-9.61,52.83,-2.47,-23.04
3454800017.00,-2.81,-25.63,-9.53,50.07,-9.53,50.09,-2.47,-25.48
3508736281.00,-2.81,-28.15,-9.46,47.10,-9.46,47.13,-2.48,-27.91
3562672546.00,-2.78,-30.48,-9.50,44.25,-9.49,44.31,-2.47,-30.17
3616608810.00,-2.76,-32.67,-9.59,41.43,-9.60,41.45,-2.45,-32.23
3670545075.00,-2.72,-34.90,-9.72,38.95,-9.72,38.94,-2.42,-34.19
3724481339.00,-2.67,-37.09,-9.86,36.72,-9.85,36.72,-2.37,-36.08
3778417603.00,-2.63,-39.12,-10.01,34.28,-10.00,34.41,-2.33,-37.85
3832353868.00,-2.59,-41.02,-10.19,32.27,-10.19,32.35,-2.28,-39.57
3886290132.00,-2.53,-42.58,-10.44,30.44,-10.42,30.49,-2.22,-41.02
3940226397.00,-2.43,-44.09,-10.75,29.12,-10.73,29.20,-2.15,-42.28
3994162661.00,-2.37,-45.59,-10.97,27.87,-10.94,27.93,-2.09,-43.60
4048098926.00,-2.30,-46.92,-11.19,27.03,-11.20,27.02,-2.02,-44.82
4102035190.00,-2.21,-48.22,-11.43,26.46,-11.42,26.47,-1.95,-45.89
4155971454.00,-2.15,-49.36,-11.63,26.14,-11.61,26.15,-1.88,-46.94
4209907719.00,-2.12,-50.24,-11.87,25.23,-11.85,25.24,-1.87,-47.70
4263843983.00,-2.07,-51.15,-12.07,25.02,-12.06,25.02,-1.84,-48.62
4317780248.00,-2.02,-51.94,-12.22,25.11,-12.22,25.02,-1.80,-49.31
4371716512.00,-1.99,-52.54,-12.41,25.07,-12.40,25.05,-1.77,-49.83
4425652777.00,-1.99,-52.98,-12.56,24.94,-12.57,24.82,-1.76,-50.42
4488891529.00,-1.99,-53.24,-12.72,25.04,-12.74,24.93,-1.77,-50.82
4563639888.00,-1.99,-53.42,-12.88,25.16,-12.88,25.08,-1.80,-51.21
4638388246.00,-1.98,-53.25,-13.02,25.55,-13.04,25.54,-1.82,-51.34
4713136604.00,-1.99,-53.02,-13.11,25.95,-13.10,25.82,-1.85,-51.38
4787884963.00,-1.98,-52.66,-13.07,25.96,-13.07,25.88,-1.86,-51.21
4862633321.00,-1.96,-52.06,-13.17,25.55,-13.17,25.58,-1.88,-50.98
4937381679.00,-1.94,-51.52,-13.28,25.47,-13.29,25.44,-1.89,-50.75
5012130037.00,-1.94,-50.99,-13.35,25.28,-13.33,25.27,-1.92,-50.63
5086878396.00,-1.93,-50.36,-13.40,25.49,-13.39,25.33,-1.93,-50.19
5161626754.00,-1.96,-49.65,-13.52,25.10,-13.52,24.99,-1.95,-49.67
5236375112.00,-1.96,-48.83,-13.60,25.13,-13.61,25.04,-1.96,-49.22
5311123470.00,-1.94,-48.11,-13.72,25.77,-13.70,25.79,-1.94,-48.69
5385871829.00,-1.94,-47.31,-13.77,26.10,-13.78,26.00,-1.93,-47.94
5460620187.00,-1.93,-46.73,-13.79,26.46,-13.77,26.40,-1.91,-47.46
5535368545.00,-1.92,-46.01,-13.82,26.81,-13.83,26.82,-1.91,-46.80
5610116903.00,-1.91,-45.51,-13.78,27.32,-13.77,27.26,-1.89,-46.34
5684865262.00,-1.94,-44.98,-13.70,26.83,-13.71,26.77,-1.91,-45.68
5759613620.00,-1.98,-44.41,-13.66,26.33,-13.66,26.24,-1.93,-45.08
5834361978.00,-2.03,-43.77,-13.58,25.45,-13.59,25.32,-1.99,-44.36
5909110336.00,-2.09,-43.05,-13.57,24.46,-13.57,24.52,-2.05,-43.55
5983858695.00,-2.17,-42.01,-13.57,22.58,-13.59,22.53,-2.12,-42.55
6058607053.00,-2.25,-41.06,-13.59,21.04,-13.59,20.99,-2.21,-41.36
6133355411.00,-2.32,-39.57,-13.76,18.97,-13.75,18.94,-2.30,-40.00
6220995759.00,-2.38,-37.73,-14.09,16.73,-14.08,16.57,-2.38,-37.93
6324586861.00,-2.40,-35.14,-14.76,14.56,-14.77,14.50,-2.42,-35.30
6428177963.00,-2.37,-32.48,-15.51,14.33,-15.50,14.36,-2.40,-32.53
6531769064.00,-2.32,-30.14,-16.14,15.85,-16.13,15.86,-2.33,-30.29
6635360166.00,-2.21,-27.77,-16.72,18.90,-16.70,19.02,-2.25,-28.40
6738951268.00,-2.08,-25.59,-17.17,23.23,-17.15,23.21,-2.19,-26.69
6842542370.00,-1.99,-23.88,-17.35,27.21,-17.31,27.17,-2.20,-25.26
6946133472.00,-1.89,-22.00,-17.55,31.82,-17.54,31.80,-2.21,-23.65
7049724574.00,-1.82,-20.61,-17.38,36.87,-17.32,36.94,-2.24,-22.02
7153315676.00,-1.79,-19.06,-17.17,41.39,-17.17,41.42,-2.29,-20.32
7256906778.00,-1.80,-17.52,-16.74,45.10,-16.73,45.13,-2.36,-18.52
7360497879.00,-1.86,-16.12,-16.21,47.28,-16.19,47.31,-2.42,-16.70
7464088981.00,-1.95,-14.71,-15.57,48.94,-15.56,49.09,-2.51,-14.77
7567680083.00,-2.12,-13.24,-14.93,48.62,-14.94,48.77,-2.62,-12.85
7671271185.00,-2.28,-11.52,-14.49,47.33,-14.50,47.46,-2.76,-10.58
7774862287.00,-2.48,-9.61,-14.11,45.28,-14.13,45.43,-2.88,-8.31
7878453389.00,-2.64,-7.33,-13.97,43.61,-13.98,43.75,-2.95,-5.95
7982044491.00,-2.74,-5.00,-13.94,42.89,-13.98,42.97,-2.99,-3.41
8085635593.00,-2.88,-2.88,-13.80,41.22,-13.82,41.19,-3.04,-1.25
8189226694.00,-2.94,-0.88,-13.70,40.51,-13.73,40.68,-3.07,0.76
8292817796.00,-3.04,1.13,-13.64,39.92,-13.69,39.67,-3.15,2.88
8396408898.00,-3.12,3.12,-13.54,37.89,-13.52,37.79,-3.22,5.38
8500000000.00,-3.20,5.35,-13.42,36.60,-13.46,36.58,-3.28,7.88
